name,address,source,category,price_range,year,notes,lat,lng,opening_hours
Wo Wo Dian,"#B1-13/14/15, Raffles City, 252 North Bridge Road, Singapore 179103",EatBook,Restaurant,$$,2025,Raffles City Guide,1.29407644483073,103.853331827088,Daily 11:30am to 9pm
Homm Dessert,"Raffles City, 252 North Bridge Road, Singapore 179103",EatBook,,,2025,Raffles City Guide,1.29389357863312,103.853119904656,
Casa Vostra,"#01-49/50/51, Raffles City, 252 North Bridge Road, Singapore 179103",EatBook,Restaurant,$$$,2025,Raffles City Guide,1.29389357863312,103.853119904656,Daily 11:30am to 10pm
KLARRA Cafe,"#03-10, Raffles City, 252 North Bridge Road, Singapore 179103",EatBook,Cafe,$$,2025,Raffles City Guide,1.29389357863312,103.853119904656,Daily 11am to 8pm
Surrey Hills Grocer,"Raffles City, 252 North Bridge Road, Singapore 179103",EatBook,Cafe,,2025,Raffles City Guide,1.29389357863312,103.853119904656,
Mensho Tokyo,"43 Raffles City, Singapore 179103",EatBook,Restaurant,$$$,2025,Raffles City Guide,1.29389357863312,103.853119904656,Saturday 11:00 AM - 09:00 PM												 Show More Timings
MoVida,"252 North Bridge Rd, #03-43, Singapore 179103",EatBook,Restaurant,$$$,2025,Raffles City Guide,1.29389357863312,103.853119904656,Saturday 12:00 PM - 10:00 PM												 Show More Timings
Go Ba,"Raffles City, 252 North Bridge Road, Singapore 179103",EatBook,,,2025,Raffles City Guide,1.29389357863312,103.853119904656,
Gyukatsu Kyoto Katsugyu,"Raffles City, 252 North Bridge Road, Singapore 179103",EatBook,,,2025,Raffles City Guide,1.29389357863312,103.853119904656,
Cinnabon,"#B1-60, Raffles City, 252 North Bridge Road, Singapore 179103",EatBook,,$,2025,Raffles City Guide,1.29389357863312,103.853119904656,"Sun-Thurs 10am to 9:15pm, Fri-Sat 10am to 9:30pm"
Kenangan Coffee,"#B1-K10, Raffles City, 252 North Bridge Road, Singapore 179103",EatBook,Cafe,$,2025,Raffles City Guide,1.29389357863312,103.853119904656,Daily 7:30am to 10pm
Tori Sanwa,"Raffles City, 252 North Bridge Road, Singapore 179103",EatBook,,,2025,Raffles City Guide,1.29389357863312,103.853119904656,
Brotherbird Bakehouse,"#B1-67, Raffles City, 252 North Bridge Road, Singapore 179103",EatBook,Cafe,$,2025,Raffles City Guide,1.29389357863312,103.853119904656,Daily 11am to 9pm
Cafe & Meal Muji,"Raffles City, 252 North Bridge Road, Singapore 179103",EatBook,Cafe,,2025,Raffles City Guide,1.29389357863312,103.853119904656,
Chagee,"#01-15, Raffles City, 252 North Bridge Road, Singapore 179103",EatBook,,$,2025,Raffles City Guide,1.29389357863312,103.853119904656,"Mon-Fri 8am to 10pm, Sat 9am to 10pm, Sun 10am to 10pm"
Din Tai Fung,"#B1-08, Raffles City, 252 North Bridge Road, Singapore 179103",EatBook,,$$,2025,Raffles City Guide,1.29389357863312,103.853119904656,"Sun-Thurs 11am to 9pm, Fri-Sat 11am to 9:15pm"
Poulet,"Raffles City, 252 North Bridge Road, Singapore 179103",EatBook,,,2025,Raffles City Guide,1.29389357863312,103.853119904656,
Putien,"#02-18, Raffles City, 252 North Bridge Road, Singapore 179103",EatBook,Restaurant,$$,2025,Raffles City Guide,1.29389357863312,103.853119904656,"Daily 11:30am to 3pm, 5pm to 10pm"
Bacha Coffee,"Raffles City, 252 North Bridge Road, Singapore 179103",EatBook,Cafe,$$,2025,Raffles City Guide,1.29389357863312,103.853119904656,Daily 10am to 10pm
Blue Bottle Coffee,"Raffles City, 252 North Bridge Road, Singapore 179103",EatBook,Cafe,$,2025,Raffles City Guide,1.29389357863312,103.853119904656,Saturday 08:00 AM - 08:00 PM												 Show More Timings
Venchi,"#01-37A, Raffles City, 252 North Bridge Road, Singapore 179103",EatBook,Cafe,$$,2025,Raffles City Guide,1.29389357863312,103.853119904656,Daily 10am to 10pm
COLLIN’S,"Paya Lebar Quarter/Square, Singapore",EatBook,Bar,$$,2025,Paya Lebar Square/PLQ Guide,,,Daily 11am to 10pm
Yakiniku Like,"Paya Lebar Quarter/Square, Singapore",EatBook,,,2025,Paya Lebar Square/PLQ Guide,,,
Wursthans Switzerland,"Paya Lebar Quarter/Square, Singapore",EatBook,Restaurant,$$$,2025,Paya Lebar Square/PLQ Guide,,,"Mon-Thurs 11:30am to 3:30pm, 4:30pm to 9pm, Fri-Sun 11:30am to 9pm"
NeNe Neko,"Paya Lebar Quarter/Square, Singapore",EatBook,Cafe,$$,2025,Paya Lebar Square/PLQ Guide,,,"mon ($20.90), and you can make it a set meal with gyoza, soup, sencha and more for $3. At night, indulge with your drinking buddies and choose from an assortment of kushiyaki, such as Mentaiko Yakitor"
Jimmy Monkey Cafe,"Paya Lebar Quarter/Square, Singapore",EatBook,Cafe,$$,2025,Paya Lebar Square/PLQ Guide,,,Daily 8am to 10pm
Tipsy Bird Gastrobar,"Paya Lebar Quarter/Square, Singapore",EatBook,Bar,$$$$,2025,Paya Lebar Square/PLQ Guide,,,"Mon-Sat 12pm to 1am, Sun 12pm to 11pm"
Western Mahua Noodles,"Paya Lebar Quarter/Square, Singapore",EatBook,,$$,2025,Paya Lebar Square/PLQ Guide,,,Daily 11am to 9:15pm
Fong Sheng Hao,"Paya Lebar Quarter/Square, Singapore",EatBook,Bar,$$,2025,Paya Lebar Square/PLQ Guide,,,Daily 7:30am to 9pm
elemen,"Paya Lebar Quarter/Square, Singapore",EatBook,Restaurant,$$$,2025,Paya Lebar Square/PLQ Guide,,,"Daily 11am to 3:30pm, 5:30pm to 9:30pm"
CHICHA San Chen,"Paya Lebar Quarter/Square, Singapore",EatBook,,$,2025,Paya Lebar Square/PLQ Guide,,,Daily 11am to 9:30pm
Pondok Jawa,"Paya Lebar Quarter/Square, Singapore",EatBook,,$$,2025,Paya Lebar Square/PLQ Guide,,,Daily 11:30am to 9:30pm
ChaTraMue,"Paya Lebar Quarter/Square, Singapore",EatBook,,$,2025,Paya Lebar Square/PLQ Guide,,,Daily 11am to 9pm
The Providore,"Paya Lebar Quarter/Square, Singapore",EatBook,,$$$,2025,Paya Lebar Square/PLQ Guide,,,"Mon-Fri 8am to 12am, Sat-Sun 9am to 12am"
Paris Baguette,"Paya Lebar Quarter/Square, Singapore",EatBook,Cafe,$,2025,Paya Lebar Square/PLQ Guide,,,Daily 8am to 10pm
Donburi King,"Paya Lebar Quarter/Square, Singapore",EatBook,Restaurant,$$,2025,Paya Lebar Square/PLQ Guide,,,"Daily 11:30am to 3pm, 5pm to 10pm"
London Fat Duck,"Paya Lebar Quarter/Square, Singapore",EatBook,Restaurant,$$$,2025,Paya Lebar Square/PLQ Guide,,,"Mon-Fri 11:30am to 3pm, 5:30pm to 9:30pm, Sat-Sun 11am to 9:30pm"
Papa Ayam,"Paya Lebar Quarter/Square, Singapore",EatBook,Restaurant,$$,2025,Paya Lebar Square/PLQ Guide,,,Daily 10:30am to 9:30pm
Tai Er,"Paya Lebar Quarter/Square, Singapore",EatBook,,$$$,2025,Paya Lebar Square/PLQ Guide,,,"Mon-Thurs 11:30am to 9pm, Fri-Sun 11:30am to 9:30pm"
Playmade,"Paya Lebar Quarter/Square, Singapore",EatBook,,$,2025,Paya Lebar Square/PLQ Guide,,,Daily 11am to 10pm
Super Sub,"Paya Lebar Quarter/Square, Singapore",EatBook,,$,2025,Paya Lebar Square/PLQ Guide,,,Mon-Sat 10am to 9pm
5 Little Bears,"Paya Lebar Quarter/Square, Singapore",EatBook,Bar,$,2025,Paya Lebar Square/PLQ Guide,,,Daily 11:30am to 8:30pm
Chicken Run,"Paya Lebar Quarter/Square, Singapore",EatBook,Bar,$$,2025,Paya Lebar Square/PLQ Guide,,,Daily 11:30am to 10pm
Kajiken,"Paya Lebar Quarter/Square, Singapore",EatBook,Restaurant,$$,2025,Paya Lebar Square/PLQ Guide,,,Daily 11am to 10pm
Kuan Zhai Wan Wan Xiang,"Paya Lebar Quarter/Square, Singapore",EatBook,Restaurant,$,2025,Paya Lebar Square/PLQ Guide,,,Daily 11am to 10pm
Ramen Keisuke Tonkotsu Niku King,"Paya Lebar Quarter/Square, Singapore",EatBook,Restaurant,$$,2025,Paya Lebar Square/PLQ Guide,,,"Mon-Fri 11:30am to 3pm, 5pm to 10:30pm, Sat-Sun 11:30am to 10pm"
Delibowl,"Paya Lebar Quarter/Square, Singapore",EatBook,Restaurant,$$,2025,Paya Lebar Square/PLQ Guide,,,Daily 10:30am to 9:30pm
Bao’s Pastry,"Paya Lebar Quarter/Square, Singapore",EatBook,Bar,$,2025,Paya Lebar Square/PLQ Guide,,,Daily 9:30am to 9:30pm
Lotus Thai Restaurant,"Paya Lebar Quarter/Square, Singapore",EatBook,Restaurant,$$,2025,Paya Lebar Square/PLQ Guide,,,Daily 11am to 9:30pm
Qin Ji Rougamo,"Paya Lebar Quarter/Square, Singapore",EatBook,,$,2025,Paya Lebar Square/PLQ Guide,,,Daily 11am to 9:30pm
Saute Sushi,"Paya Lebar Quarter/Square, Singapore",EatBook,,$$,2025,Paya Lebar Square/PLQ Guide,,,Daily 11:30pm to 9:30pm
The Pocha Singapore,"26A Lorong Mambong, Singapore 277685",EatBook,,$$$,2025,Holland Village Guide,1.31166243791549,103.794827685677,"Mon-Thurs 12pm to 3pm, 5:30pm to 12pm, Fri 12pm to 3pm, 5:30pm to 2am, Sat-Sun 12pm to 12am"
Ru Fa Bao Dian,"44 Holland Drive, #02-09, Holland Drive Market and Food Centre, Singapore 270044",EatBook,Hawker,,2025,Holland Village Guide,1.30811780015992,103.792773769341,Tue-Sun 6:30am to 3pm
Butter Town,"44 Holland Drive, #02-35, Holland Drive Market and Food Centre, Singapore 270044",EatBook,Hawker,$,2025,Holland Village Guide,1.30811780015992,103.792773769341,Tue-Sat 10am to 2pm
Warabimochi Kamakura,"7 Holland Village Way, #01-54, One Holland Village, Singapore 275748",EatBook,,$$,2025,Holland Village Guide,1.31104916811064,103.794145546471,Daily 11:30am to 9:30pm
Sourbombe Bakery,"7 Holland Village Way, #01-27, One Holland Village, Singapore 275748",EatBook,Cafe,$$$,2025,Holland Village Guide,1.31104916811064,103.794145546471,Daily 10:30am to 9pm
Chicco Pasta Bar,"27 Lorong Mambong, Singapore 277686",EatBook,Bar,$$,2025,Holland Village Guide,1.31149429304121,103.794489452748,"Mon, Wed-Fri 11:30am to 2:30pm, Mon, Wed, Thurs 5pm to 10pm, Fri 5pm to 11pm, Sat 11:30am to 11pm, Sun 11am to 10pm"
Ginkyo by Kinki,"7 Holland Villlage Way, #03-01-04, Singapore 275748",EatBook,Restaurant,$$$,2025,Holland Village Guide,1.31104916811064,103.794145546471,"Sun-Thurs 11:30am to 2:30pm, 5pm to 10pm, Fri-Sat 11:30am to 2:30pm, 5pm to 10:30pm"
Thai Baang,"43 Holland Drive, #01-41, Singapore 270043",EatBook,Bar,$,2025,Holland Village Guide,1.30743411126247,103.792897574712,Daily 8:30am to 8pm
Keong Saik Bakery,"44 Jalan Merah Saga, #01-42, Singapore 278116",EatBook,Cafe,$,2025,Holland Village Guide,1.31156943730169,103.796647802546,"Mon-Fri 7:30am to 6pm, Sat-Sun 8am to 6pm"
Lola’s Cafe,"48 Lorong Mambong, Singapore 277699",EatBook,Cafe,$$,2025,Holland Village Guide,1.31210632136639,103.79430691101,"Tue-Fri 10am to 9:30pm, Sat-Sun 9am to 9:30pm"
Wang Dae Bak Korean BBQ,"3 Lorong Liput, #02-01, Holland Piazza, Singapore 277725",EatBook,,$$$$,2025,Holland Village Guide,1.31067976097165,103.795260908624,Daily 11:30am to 10:30pm
Birds Of Paradise Gelato Boutique,"3 Lorong Liput, #01-01, Holland Piazza, Singapore 277725",EatBook,,$,2025,Holland Village Guide,1.31067976097165,103.795260908624,"Sun-Thurs 12pm to 10pm, Fri-Sat 12pm to 10:30pm"
Lo Hey HK Seafood,"7 Holland Village Way, #03-22/23/24, Singapore 275748",EatBook,,$$,2025,Holland Village Guide,1.31104916811064,103.794145546471,Daily 11:30am to 10pm
2am: dessertbar,"21A Lorong Liput, Singapore 277733",EatBook,Bar,$$$,2025,Holland Village Guide,1.31015934601137,103.794976974483,Tue-Sun 6pm to 2am
Tai Cheong Bakery,"31 Lorong Liput, Singapore 277742",EatBook,Cafe,$,2025,Holland Village Guide,1.31064089885929,103.794923860168,"Mon-Thurs 10am to 8:30pm, Fri 10am to 9pm, Sat 9am to 9pm, Sun 9am to 8:30pm"
Cha Cha Cha,"32 Lorong Mambong, Singapore 277690",EatBook,,$$,2025,Holland Village Guide,1.31175573245514,103.794691044371,"Sun-Thurs 11:30am to 11pm, Fri-Sat 11:30am to 12am"
Wala Wala Cafe,"31 Lorong Mambong, Singapore 277689",EatBook,Cafe,$$,2025,Holland Village Guide,1.31156416891152,103.7943890459,"Mon-Wed 4pm to 12am, Thurs-Sun 4pm to 1am"
La Nonna,"26/26B Lorong Mambong, Singapore 277685",EatBook,,$$$,2025,Holland Village Guide,1.31166243791549,103.794827685677,"Mon-Fri 11:30am to 2:30pm, 5:30pm to 10pm, Sat-Sun 11:30am to 10pm"
Le Bon Funk,"277 Holland Avenue, Singapore 278994",EatBook,Restaurant,$$$,2025,Holland Village Guide,1.31181730250036,103.795213413985,"Mon-Fri 5pm to 10pm, Sat-Sun 12pm to 10pm"
Original Sin,"43 Jalan Merah Saga, #01-62, Singapore 278115",EatBook,Restaurant,$$$,2025,Holland Village Guide,1.31110773188601,103.796510224315,"Mon-Sat 11:45am to 2:30pm, 6pm to 10:30pm, Sun 11:45am to 2:30pm, 6pm to 10pm"
Sanpoutei Ramen,"253 Holland Avenue, #01-01, Singapore 278982",EatBook,Restaurant,$$,2025,Holland Village Guide,1.31133038518721,103.795582039438,"Sun-Thurs 11:30am to 9:30pm, Fri-Sat 11:30am to 10pm"
Yee Cheong Yuen Noodle Restaurant,"31 Lorong Liput, Singapore 277742",EatBook,Restaurant,$$,2025,Holland Village Guide,1.31064089885929,103.794923860168,Daily 11am to 8:30pm
British Indian Curry Hut,"30 Lorong Mambong, Singapore 277688",EatBook,Bar,$$,2025,Holland Village Guide,1.31172455497969,103.794736260031,"Sun-Fri 11am to 1am, Sat 11am to 2am"
Alt. Pizza,"267 Holland Avenue, Singapore 278989",EatBook,,$$,2025,Holland Village Guide,1.31163683033632,103.795406431897,Daily 11am to 10pm
San.wich,"#B1-K14, The Woodleigh Mall, 11 Bidadari Park Drive, Singapore 367803",EatBook,,$,2025,Woodleigh Mall Guide,1.33869419209869,103.871750105256,Daily 9am to 10pm
FairPrice Finest,"The Woodleigh Mall, 11 Bidadari Park Drive, Singapore 367803",EatBook,Bar,$,2025,Woodleigh Mall Guide,1.33869419209869,103.871750105256,Daily 24 hours
Bulgogi Syo,"#01-33/34, The Woodleigh Mall, 11 Bidadari Park Drive, Singapore 367803",EatBook,Restaurant,$$,2025,Woodleigh Mall Guide,1.33869419209869,103.871750105256,Daily 11:30am to 10pm
Hollin,"#01-56, The Woodleigh Mall, 11 Bidadari Park Drive, Singapore 367803",EatBook,,$,2025,Woodleigh Mall Guide,1.33869419209869,103.871750105256,"Sun-Thurs 11am to 9:30pm, Fri-Sat 11am to 10pm"
Tiong Bahru Bakery,"#02-47, The Woodleigh Mall, 11 Bidadari Park Drive, Singapore 367803",EatBook,Cafe,$$,2025,Woodleigh Mall Guide,1.33869419209869,103.871750105256,Daily 8am to 7pm
Bao Makers,"#B1-K10, The Woodleigh Mall, 11 Bidadari Park Drive, Singapore 367803",EatBook,,$,2025,Woodleigh Mall Guide,1.33869419209869,103.871750105256,Daily 11am to 9pm
Bugis Xin Yuan Ji,"#B1-K39, The Woodleigh Mall, 11 Bidadari Park Drive, Singapore 367803",EatBook,,$$,2025,Woodleigh Mall Guide,1.33869419209869,103.871750105256,Daily 11am to 9pm
Project Acai,"#B1-K28, The Woodleigh Mall, 11 Bidadari Park Drive, Singapore 367803",EatBook,,$,2025,Woodleigh Mall Guide,1.33869419209869,103.871750105256,Daily 11am to 9:30pm
Little Italy,"#02-48, The Woodleigh Mall, 11 Bidadari Park Drive, Singapore 367803",EatBook,Restaurant,$$$,2025,Woodleigh Mall Guide,1.33869419209869,103.871750105256,Daily 11:30am to 10pm
Fun Toast,"#02-19, The Woodleigh Mall, 11 Bidadari Park Drive, Singapore 367803",EatBook,,$,2025,Woodleigh Mall Guide,1.33869419209869,103.871750105256,Daily 8am to 8pm
Mr Onigiri,"#B1-K6, The Woodleigh Mall, 11 Bidadari Park Drive, Singapore 367803",EatBook,,$,2025,Woodleigh Mall Guide,1.33869419209869,103.871750105256,"Sun-Thurs 10:30am to 9pm, Fri-Sat 10:30am to 9:30pm"
Kin Khao Yang,"Bedok Interchange Hawker Centre, 208B New Upper Changi Road, Singapore 462208",EatBook,,$$,2025,Bedok Interchange Hawker,1.32478236985627,103.930570304559,Daily 10:30am to 10pm
Ma La Xiang Guo,"Bedok Interchange Hawker Centre, 208B New Upper Changi Road, Singapore 462208",EatBook,,$$,2025,Bedok Interchange Hawker,1.32481816551889,103.930544296289,"Fri-Wed 10am to 10pm, Thurs 11:30am to 10pm"
Ming Hui Nasi Lemak,"Bedok Interchange Hawker Centre, 208B New Upper Changi Road, Singapore 462208",EatBook,,$,2025,Bedok Interchange Hawker,1.32481816551889,103.930544296289,"Mon-Sat 5am to 7:30pm, Sun 5am to 7pm"
Hock Hai (Hong Lim) Curry Chicken Noodle,"Bedok Interchange Hawker Centre, 208B New Upper Changi Road, Singapore 462208",EatBook,,$,2025,Bedok Interchange Hawker,1.32481816551889,103.930544296289,Wed-Sun 9am to 9pm
Xue Hua Fei Cold & Hot Drinks,"Bedok Interchange Hawker Centre, 208B New Upper Changi Road, Singapore 462208",EatBook,Hawker,$,2025,Bedok Interchange Hawker,1.32481816551889,103.930544296289,Wed-Mon 11am to 9pm
Mei Xiang Lor Mee,"Bedok Interchange Hawker Centre, 208B New Upper Changi Road, Singapore 462208",EatBook,,$,2025,Bedok Interchange Hawker,1.32481816551889,103.930544296289,Tue-Sun 7:30am to 3pm
Jefri The Original Botak Chicken Rice,"Bedok Interchange Hawker Centre, 208B New Upper Changi Road, Singapore 462208",EatBook,,$,2025,Bedok Interchange Hawker,1.32481816551889,103.930544296289,"Mon 11:30am to 12am, Tue 12am to 10pm, 11:30am to 10pm, Wed-Thurs 11:30am to 10pm"
Pin Xiang Hainanese Chicken Rice,"Bedok Interchange Hawker Centre, 208B New Upper Changi Road, Singapore 462208",EatBook,Hawker,$,2025,Bedok Interchange Hawker,1.32481816551889,103.930544296289,Daily 9:30am to 9:30pm
Inspirasi,"Bedok Interchange Hawker Centre, 208B New Upper Changi Road, Singapore 462208",EatBook,Hawker,$,2025,Bedok Interchange Hawker,1.32481816551889,103.930544296289,Mon-Sat 11:30am to 9:30pm
Bedok Chwee Kueh,"Bedok Interchange Hawker Centre, 208B New Upper Changi Road, Singapore 462208",EatBook,,$,2025,Bedok Interchange Hawker,1.32481816551889,103.930544296289,Daily 7am to 7:30pm
Sakedokoro Eizaburo,"Fortune Centre, 190 Middle Road, Singapore 188979",EatBook,,$$,2025,Fortune Centre Guide,1.30042241913975,103.852286627386,"Mon-Fri 12pm to 2pm, 6pm to 11pm, Sat 6pm to 11pm"
Yuen Kee Dumpling,"Fortune Centre, 190 Middle Road, Singapore 188979",EatBook,,$$,2025,Fortune Centre Guide,1.30042241913975,103.852286627386,"Mon 9am to 8:30pm, Tue-Sun 9am to 9pm"
New Station Rice Bar,"Fortune Centre, 190 Middle Road, Singapore 188979",EatBook,Bar,$$,2025,Fortune Centre Guide,1.30042241913975,103.852286627386,"Mon-Fri 11am to 8:30pm, Sat 11am to 3pm, 4pm to 8:30pm"
Bao Er Cafe,"Fortune Centre, 190 Middle Road, Singapore 188979",EatBook,Cafe,$,2025,Fortune Centre Guide,1.30042241913975,103.852286627386,Daily 8am to 8pm
Madness Nasi Lemak,"Fortune Centre, 190 Middle Road, Singapore 188979",EatBook,,$,2025,Fortune Centre Guide,1.30042241913975,103.852286627386,Daily 10:30am to 7:45pm
Wawa Lala Bee Hoon,"Fortune Centre, 190 Middle Road, Singapore 188979",EatBook,,$$,2025,Fortune Centre Guide,1.30042241913975,103.852286627386,Daily 11:30am to 9:30pm
A9 Noodle Dumpling,"Fortune Centre, 190 Middle Road, Singapore 188979",EatBook,,$,2025,Fortune Centre Guide,1.30042241913975,103.852286627386,"Daily 11am to 3pm, 5pm to 8:30pm"
Mama Patisserie,"Fortune Centre, 190 Middle Road, Singapore 188979",EatBook,Cafe,$,2025,Fortune Centre Guide,1.30042241913975,103.852286627386,Daily 9am to 7:30pm
Ume San 100,"Fortune Centre, 190 Middle Road, Singapore 188979",EatBook,Bar,$$,2025,Fortune Centre Guide,1.30042241913975,103.852286627386,"Mon-Thurs 12pm to 2:30pm, 5pm to 11pm, Fri-Sat 12pm to 2:30pm, 5pm to 12am, Sun 12pm to 2:30pm, 5pm to 10pm"
Herbivore,"Fortune Centre, 190 Middle Road, Singapore 188979",EatBook,Restaurant,$$$,2025,Fortune Centre Guide,1.30042241913975,103.852286627386,"Daily 11:30am to 2:30pm, 5pm to 9pm"
Tracy Juice Culture,"Fortune Centre, 190 Middle Road, Singapore 188979",EatBook,,$$,2025,Fortune Centre Guide,1.30042241913975,103.852286627386,Daily 9am to 6:15pm
Pine Tree Cafe,"Fortune Centre, 190 Middle Road, Singapore 188979",EatBook,Cafe,$$,2025,Fortune Centre Guide,1.30042241913975,103.852286627386,"Mon 9am to 3pm, Tue-Sat 9am to 8pm, Sun 9am to 6:30pm"
Living Wholesome Vegetarian,"Fortune Centre, 190 Middle Road, Singapore 188979",EatBook,,$$,2025,Fortune Centre Guide,1.30042241913975,103.852286627386,"Mon-Fri 11am to 7pm, Sat 10:30am to 2:30pm"
New Green Pasture Cafe,"Fortune Centre, 190 Middle Road, Singapore 188979",EatBook,Cafe,$$,2025,Fortune Centre Guide,1.30042241913975,103.852286627386,Tue-Sun 10:30am to 8:30pm
Su Shi Piao Xiang Vegetarian Food,"Fortune Centre, 190 Middle Road, Singapore 188979",EatBook,,$,2025,Fortune Centre Guide,1.30042241913975,103.852286627386,Daily 8:30am to 9:30pm
Pasta & Co,"Fortune Centre, 190 Middle Road, Singapore 188979",EatBook,Restaurant,$$,2025,Fortune Centre Guide,1.30042241913975,103.852286627386,"Tue-Sat 12pm to 2:30pm, 5:30pm to 10pm, Sun 12pm to 9pm"
Hangawi Korean Food,"Fortune Centre, 190 Middle Road, Singapore 188979",EatBook,Restaurant,$,2025,Fortune Centre Guide,1.30042241913975,103.852286627386,Daily 10am to 8:15pm
Ya Kat Yan,"Fortune Centre, 190 Middle Road, Singapore 188979",EatBook,Cafe,$,2025,Fortune Centre Guide,1.30042241913975,103.852286627386,Wed-Mon 1pm to 10pm
Paraphrase,"Fortune Centre, 190 Middle Road, Singapore 188979",EatBook,,$$$,2025,Fortune Centre Guide,1.30042241913975,103.852286627386,Tue-Sat 6pm to 10pm
Cookie & Coffee Cafe Bar,"Fortune Centre, 190 Middle Road, Singapore 188979",EatBook,Cafe,$$,2025,Fortune Centre Guide,1.30042241913975,103.852286627386,Daily 10am to 10pm
Daily Beer,"212 Telok Ayer Street, Singapore 068645",EatBook,,$$,2025,Telok Ayer Guide,1.27989307587864,103.847021264349,"Sun-Thurs 11:30am to 11pm, Fri-Sat 11:30am to 12:30am"
Toku Nori,"200A Telok Ayer Street, Singapore 068638",EatBook,Restaurant,$$,2025,Telok Ayer Guide,1.28017392438478,103.847161618611,"Tue-Sun 12pm to 2:30pm, 5:30pm to 11pm"
L’antica Pizzeria da Michele,"8 Club Street, #01-08, Singapore 069472",EatBook,Restaurant,$$$,2025,Telok Ayer Guide,1.28292387532261,103.846443478498,"Mon-Sat 12pm to 3pm, 6pm to 11pm, Sun 12pm to 3pm, 6pm to 10pm"
Moss Cross Tokyo,"181 South Bridge Road, #02-01, Capri by Fraser China Square, Singapore 058743",EatBook,Restaurant,$$$$,2025,Telok Ayer Guide,1.28401468089576,103.847061683535,Daily 11:30am to 10pm
Um Yong Baek,"27 Boon Tat Street, Singapore 069623",EatBook,Restaurant,$$$,2025,Telok Ayer Guide,1.28128948630309,103.848656090528,"Daily 11am to 3:30pm, 5:30pm to 10pm"
Thachang,"171 Telok Ayer Street, Singapore 068621",EatBook,Restaurant,$$,2025,Telok Ayer Guide,1.28004584254807,103.847454529166,Mon-Sat 11:30am to 10pm
Spicy Wife,"7 Maxwell Road, #02-119, Amoy Street Food Centre, Singapore 069111",EatBook,Hawker,$,2025,Telok Ayer Guide,1.27923120988439,103.846619273977,Mon-Fri 10:45am to 2pm
Kamal’s Restaurant,"7 Stanley Street, Singapore 068726",EatBook,Restaurant,$$,2025,Telok Ayer Guide,1.28006790428666,103.847756407632,"Mon-Fri 7am to 6pm, Sat 7am to 3pm"
The Fat Kid Bakery,"39 Amoy Street, Singapore 069865",EatBook,Cafe,$,2025,Telok Ayer Guide,1.28065032295386,103.847077601386,"Mon-Thurs 9am to 5pm, Fri 9am to 6:30pm, Sat 10:30am to 4:30pm"
Lian Hup Heng,"7 Maxwell Road, #02-128, Amoy Street Food Centre, Singapore 069111",EatBook,Hawker,$,2025,Telok Ayer Guide,1.2793398636571,103.846652482254,Mon-Fri 10:30am to 3pm
Daylight Coffee,"7 Maxwell Road, #02-126, Amoy Street Food Centre, Singapore 069111",EatBook,Hawker,$,2025,Telok Ayer Guide,1.2793398636571,103.846652482254,"Mon-Fri 7am to 3pm, Sat-Sun 10:30am to 2:30pm"
Quan Ji,"7 Maxwell Road, #01-56, Amoy Street Food Centre, Singapore 069111",EatBook,Hawker,$$$,2025,Telok Ayer Guide,1.2793398636571,103.846652482254,"Wed 11am to 9pm, Thurs-Fri 11am to 9:30pm, Sat-Sun 3:30pm to 9:30pm"
French Fold,"204 Telok Ayer Street, Singapore 068640",EatBook,Cafe,$$$,2025,Telok Ayer Guide,1.28009000531422,103.847095454005,"Sun-Wed 8am to 10:30pm, Thurs-Sat 8am to 11pm"
Plain Vanilla,"134 Telok Ayer Street, Singapore 068600",EatBook,Cafe,$,2025,Telok Ayer Guide,1.28169610852972,103.847952062622,"Mon-Sat 7:30am to 7pm, Sun 7:30am to 5pm"
Tori San,"116 Telok Ayer Street, Singapore 068585",EatBook,,$$,2025,Telok Ayer Guide,1.2820438505925,103.848168132156,Daily 11am to 10pm
Hellu Coffee,"137 Amoy Street, #01-05, Far East Square, Singapore 049965",EatBook,Cafe,$$,2025,Telok Ayer Guide,1.28338263514215,103.848375635871,"Mon-Thurs 8am to 5pm, Fri 8am to 4pm, Sat 10am to 4pm"
Fu Lin Bar & Kitchen,"127 Telok Ayer Street, Singapore 068596",EatBook,Restaurant,,2025,Telok Ayer Guide,1.28106569615039,103.848004443898,"Mon-Thurs 11am to 12am, Fri 11am to 1am, Sat 4pm to 11pm"
Leshan Cafe,"168 Telok Ayer Street, Singapore 068619",EatBook,Cafe,$$,2025,Telok Ayer Guide,1.28084152106543,103.847432984024,Mon-Sat 11:30am to 4:30pm
Beppu Menkan,"3 Pickering Street, #01-32/33, China Square Central, Singapore 048660",EatBook,,$$,2025,Telok Ayer Guide,1.28436800095842,103.847363778038,"Mon-Fri 11:30am to 3pm, 6pm to 10pm, Sat 11:30am to 10pm"
YinJi,"133 Amoy Street, #01-01, Far East Square, Singapore 049962",EatBook,,$,2025,Telok Ayer Guide,1.28315769973068,103.848228946906,"Mon 9:30am to 4pm, Tue-Sat 9:30am to 7pm"
Biang Biang Noodles Xi An Famous Food,"51 Telok Ayer Street, #01-07, Singapore 048441",EatBook,,$$,2025,Telok Ayer Guide,1.28286636225753,103.849289233227,Mon-Fri 10:30am to 9:30pm
Kulto,"87 Amoy Street, Singapore 069906",EatBook,,$$$$,2025,Telok Ayer Guide,1.28104698720197,103.846889792012,"Mon-Sat 12pm to 2:30pm, 5:30pm to 10:30pm"
Katong Mei Wei Express,"8 Club Street, #B2-19, ICON Link@ClubStreet, Singapore 069472",EatBook,,$$$,2025,Telok Ayer Guide,1.28292387532261,103.846443478498,Mon-Fri 11am to 7pm
Morita Unigoro,"10 Stanley Street, #01-01, Singapore 068729",EatBook,Restaurant,$$$$,2025,Telok Ayer Guide,1.28022588827335,103.847841208286,"Mon, Thurs-Fri 12pm to 2:30pm, 6pm to 10:30pm, Tue-Wed 6pm to 10:30pm, Sat 12pm to 2pm, 6pm to 10:30pm"
Onori,"135 Amoy Street, #01-03, Far East Square, Singapore 049964",EatBook,,$$,2025,Telok Ayer Guide,1.28315769973068,103.848228946906,"Mon-Fri 11:30am to 3pm, 5pm to 8pm, Sat 11:30am to 2:30pm"
SLUSHYAH,"#02-26, SCAPE, 2 Orchard Link, Singapore 237978",EatBook,Bar,$,2025,SCAPE Guide,1.30101095339562,103.835724109292,"Mon-Fri 1pm to 9:30pm, Sat-Sun 10am to 9:30pm"
Ah Cai,"#02-24, SCAPE, 2 Orchard Link, Singapore 237978",EatBook,Cafe,$,2025,SCAPE Guide,1.30101095339562,103.835724109292,Daily 12pm to 10pm
Mr. Sun Tea,"#02-19, SCAPE, 2 Orchard Link, Singapore 237978",EatBook,,$,2025,SCAPE Guide,1.30101095339562,103.835724109292,Daily 10am to 10pm
Nuldam Space,"#02-14/15, SCAPE, 2 Orchard Link, Singapore 237978",EatBook,Cafe,$,2025,SCAPE Guide,1.30101095339562,103.835724109292,Daily 10am to 10pm
Yoajung Cafe,"#02-09, SCAPE, 2 Orchard Link, Singapore 237978",EatBook,Cafe,$$,2025,SCAPE Guide,1.30101095339562,103.835724109292,"Mon-Thurs 12pm to 10pm, Fri-Sun 11am to 10pm"
Hanco Coffee,"#02-08, SCAPE, 2 Orchard Link, Singapore 237978",EatBook,Cafe,$$,2025,SCAPE Guide,1.30101095339562,103.835724109292,"Mon-Thurs 10am to 7pm, Fri-Sun 10am to 8pm"
SuiTok,"#02-10, SCAPE, 2 Orchard Link, Singapore 237978",EatBook,,$,2025,SCAPE Guide,1.30101095339562,103.835724109292,Daily 10am to 10pm
Kremi,"#02-32, SCAPE, 2 Orchard Link, Singapore 237978",EatBook,,$$,2025,SCAPE Guide,1.30101095339562,103.835724109292,Daily 12pm to 9pm
The Coconut Club,"New Bahru, Singapore",EatBook,Restaurant,$$$,2025,New Bahru Guide,,,"Mon-Thurs 11am to 3:30pm, 5:30pm to 10:30pm, Fri-Sun 11am to 10:30pm"
Dearborn,"New Bahru, Singapore",EatBook,Cafe,$,2025,New Bahru Guide,,,Wed-Mon 9am to 3pm
Artichoke,"New Bahru, Singapore",EatBook,Restaurant,$$$,2025,New Bahru Guide,,,"Tue 5pm to 10pm, Wed-Sun 11am to 10pm"
Kotuwa,"New Bahru, Singapore",EatBook,Restaurant,$$$,2025,New Bahru Guide,,,"Mon-Thurs 6pm to 11pm, Fri-Sat 12pm to 12am, Sun 12pm to 11pm"
Huevos,"New Bahru, Singapore",EatBook,Restaurant,$$,2025,New Bahru Guide,,,"Tue-Sun 11am to 2:15pm, 5pm to 10pm"
Odem,"New Bahru, Singapore",EatBook,Restaurant,$$$,2025,New Bahru Guide,,,"Tue-Thurs, Sun 11:30am to 11pm, Fri-Sat 11:30am to 12am"
One Fattened Calf,"New Bahru, Singapore",EatBook,,$$,2025,New Bahru Guide,,,"Tue-Sun 11am to 3pm, 5pm to 8pm"
One Prawn & Co,"New Bahru, Singapore",EatBook,Restaurant,$$$,2025,New Bahru Guide,,,"Wed-Fri 11am to 3 pm, 6pm to 10pm, Sat-Sun 11am to 4:30pm, 6pm to 10pm"
TopTable,"New Bahru, Singapore",EatBook,Cafe,$$$,2025,New Bahru Guide,,,Tue-Sun 12pm to 11pm
Les Clos,"New Bahru, Singapore",EatBook,Restaurant,$$$,2025,New Bahru Guide,,,Daily 10am to 12am
Sin Heng Kee,"685 Hougang Street 61, #01-150, Singapore 530685",EatBook,,$,2025,Hougang Guide,1.37518092664617,103.886022660348,Wed-Mon 7am to 8pm
5 Star Corner Western Food,"805 Hougang Central, Food Park Coffee Shop, Singapore 530805",EatBook,,$$,2025,Hougang Guide,1.37068333577328,103.894356609963,Daily 11am to 10pm
Al Falah Restaurant,"681 Hougang Avenue 8, #01-855, Singapore 530681",EatBook,Restaurant,,2025,Hougang Guide,1.37311063009805,103.885636629182,Daily 24 hours
Hougang Oyster Omelette & Fried Kway Teow,"Blk 435 Hougang Ave 8, Singapore 530435",EatBook,,$,2025,Hougang Guide,1.37752800104625,103.89360316857,Tue-Sun 11am to 7pm
Denzy Gelato,"684 Hougang Ave 8, #01-953, Singapore 530684",EatBook,Cafe,$,2025,Hougang Guide,1.3739584050047,103.886898456705,"Sun-Thurs 12:30pm to 10:30pm, Fri-Sat 12:30pm to 11:30pm"
Jade’s Chicken,"51 Hougang Ave 9, #01-18, Ci Yuan Hawker Centre, Singapore 538776",EatBook,Hawker,$$$,2025,Hougang Guide,1.37532253773567,103.88293193004,Daily 11:30am to 9pm
Happy Oven,"678 Hougang Ave 8, #01-505, Singapore 530678",EatBook,,$,2025,Hougang Guide,1.37084076394573,103.884236382077,Daily 5am to 3pm
Yi Dian Xing Hong Kong Dum Sum,"1012 Upper Serangoon Road, Singapore 534750",EatBook,,$,2025,Hougang Guide,1.36254651681749,103.888079684184,Wed-Mon 7am to 3pm
Yi Ji Fried Hokkien Prawn Mee,"805 Hougang Central, Singapore 530805",EatBook,,$,2025,Hougang Guide,1.37068333577328,103.894356609963,Daily 11am to 8pm
Anshun Fish Soup,"174C Hougang Avenue 1, Singapore 533174",EatBook,,$,2025,Hougang Guide,1.34912217494098,103.889093320959,Mon-Sat 11am to 7pm
Sweedy Patisserie,"377 Hougang Street 32, #01-32, Hougang Rivercourt, Singapore 530377",EatBook,Cafe,$$,2025,Hougang Guide,1.36274851459883,103.894906998774,"Tue 12pm to 6pm, Wed-Fri 12pm to 8pm, Sat 11am to 8pm"
682 Min Jiang Kueh,"682 Hougang Avenue 4, 682 Ming Jiang Kueh, Ming Ji Coffeeshop, Singapore 530682",EatBook,,$,2025,Hougang Guide,1.37361830380888,103.885748856217,"Tues, Thur-Sun 5am to 12pm"
5dot7,"401 Hougang Avenue 10, #01-1158, KPT Kopitiam, Singapore 530401",EatBook,Hawker,$$,2025,Hougang Guide,1.37484339485806,103.896994161364,Daily 11:30am to 1:30am
Goldhill Family Restaurant,"6 Hougang Avenue 3, #01-78, Singapore 530006",EatBook,Restaurant,$,2025,Hougang Guide,1.36271446291047,103.893980503167,"Mon-Fri 8am to 8pm, Sat 8am to 7pm, Sun 8am to 2pm"
Briyani 47,"90 Hougang Avenue 10, #04-11, Hougang Mall, Singapore 538766",EatBook,,$$,2025,Hougang Guide,1.37231186447501,103.893661609307,Daily 10:30am to 8:30pm
Waa Cow,,EatBook,Restaurant,$$$,2025,Best Restaurants SG,,,
Tipo,"28 Aliwal St, #01-07, Singapore 199918",EatBook,Restaurant,$$,2025,Best Restaurants SG,1.30258777247985,103.86107761323,Saturday 11:00 AM - 10:00 PM												 Show More Timings
Honbo,"09 chijmes, Singapore 187996",EatBook,Restaurant,$$,2025,Best Restaurants SG,1.29479670956332,103.852573366033,Saturday 12:00 PM - 09:00 PM												 Show More Timings
Kok Sen,,EatBook,Restaurant,$$,2025,Best Restaurants SG,,,Saturday 12:00 PM - 02:15 PM												 Show More Timings
Cumi Bali,"50 Tras St, Singapore 078989",EatBook,Restaurant,$$$,2025,Best Restaurants SG,1.27811389893702,103.844202011226,Saturday 11:30 AM - 02:30 PM												 Show More Timings
Lagnaa,"6 Upper Dickson Rd, Singapore 207466",EatBook,Bar,$$$$,2025,Best Restaurants SG,1.30637211894281,103.852233709103,Saturday Open 24 Hours												 Show More Timings
Zhup Zhup by One Prawn & Co,"458 MacPherson Rd, Singapore 368176",EatBook,Hawker,$$$$,2025,Best Restaurants SG,1.33189655142841,103.882479839598,Saturday 11:00 AM - 09:00 PM												 Show More Timings
Keng Eng Kee,,EatBook,Hawker,$$,2025,Best Restaurants SG,,,Saturday 11:00 AM - 01:45 PM												 Show More Timings
Hjh Maimunah,,EatBook,Restaurant,$$$,2025,Best Restaurants SG,,,
Picanhas’,"90 Club St, Singapore 069458",EatBook,Restaurant,$$,2025,Best Restaurants SG,1.28178385630118,103.845526123599,Saturday 12:00 PM - 03:00 PM												 Show More Timings
Kulon,"30 Bali Ln, Singapore 189866",EatBook,Restaurant,$$,2025,Best Restaurants SG,1.30126242290152,103.858431759822,Saturday 11:30 AM - 09:30 PM												 Show More Timings
Abundance,"399 Jln Besar, Singapore 209008",EatBook,Cafe,$$,2025,Best Restaurants SG,1.31357336478001,103.859763010419,Saturday 11:00 AM - 11:00 PM												 Show More Timings
Una Una,"201 Victoria St, #05-02/03, Singapore 188067",EatBook,Restaurant,$$$,2025,Best Restaurants SG,1.29966016502847,103.853518084567,Saturday 11:00 AM - 10:00 PM												 Show More Timings
Un-Yang Kor-Dai,"57 South Bridge Rd, #01-02, Singapore 058688",EatBook,Restaurant,$$,2025,Best Restaurants SG,1.28703708640643,103.848326875613,Saturday 11:30 AM - 02:00 PM												 Show More Timings
TONSHOU,"51 Tras St, Singapore 078990",EatBook,Restaurant,$$,2025,Best Restaurants SG,1.27797107737381,103.8445152089,Saturday 11:00 AM - 09:30 PM												 Show More Timings
True Blue Cuisine,"49 Armenian St, Singapore 179937",EatBook,Restaurant,,2025,Best Restaurants SG,1.29454534406063,103.849332666763,Saturday 11:30 AM - 02:30 PM												 Show More Timings
Ka-Soh,"22 Greenwood Ave, Singapore 289218",EatBook,Restaurant,$$,2025,Best Restaurants SG,1.33154292607577,103.806769842964,Saturday 11:30 AM - 02:00 PM												 Show More Timings
Lechon Republic,"09 NOVENA REGENCY, Singapore 307645",EatBook,Restaurant,$$,2025,Best Restaurants SG,1.32114652933088,103.841550400671,Saturday 11:00 AM - 08:30 PM												 Show More Timings
Cherry & Oak,"95 Owen Rd, Singapore 218907",EatBook,Restaurant,$$$,2025,Best Restaurants SG,1.31339248904693,103.853060290558,Saturday 11:00 AM - 10:00 PM												 Show More Timings
Joji’s Sandwich Parlour,"536 Upper Serangoon Rd, Singapore 534551",EatBook,Cafe,$$,2025,Best Restaurants SG,1.34593380465221,103.871637063273,Saturday Open 24 Hours												 Show More Timings
Sen-ryo,"03 - 14 / 14A, Singapore 238801",EatBook,,$$$,2025,Best Restaurants SG,1.30397974144505,103.832032328465,Saturday 11:00 AM - 10:00 PM												 Show More Timings
Super Loco Customs House,"04 Customs House, Singapore 049323",EatBook,Restaurant,$$,2025,Best Restaurants SG,1.28250872626601,103.853557170034,Saturday 12:00 PM - 11:00 PM												 Show More Timings
Inle Myanmar Restaurant,"07A Peninsula Plaza, Singapore 179098",EatBook,Restaurant,$$,2025,Best Restaurants SG,1.29222075807721,103.850612609298,Saturday 11:00 AM - 09:30 PM												 Show More Timings
Birds Of A Feather,"115 Amoy St, #01-01, Singapore 069935",EatBook,,$$$,2025,Best Restaurants SG,1.28221657543081,103.847571667462,Saturday Open 24 Hours												 Show More Timings
The Prince (formerly Fat Prince),"48 Peck Seah St, Singapore 079317",EatBook,Restaurant,$$$,2025,Best Restaurants SG,1.27794621821607,103.844783008892,Saturday 12:00 PM - 03:00 PM												 Show More Timings
Bakalaki Greek Taverna,"38A Martin Rd, Singapore 239072",EatBook,,$$$,2025,Best Restaurants SG,1.29213320070144,103.838064914003,Saturday Open 24 Hours												 Show More Timings
Fico,,EatBook,,$$$,2025,Best Restaurants SG,,,Saturday 11:30 AM - 10:30 PM												 Show More Timings
YUN NANS Stonepot Fish,"103 Northpoint City, Singapore 769098",EatBook,Restaurant,$$,2025,Best Restaurants SG,1.42946660837667,103.835790714459,Saturday 11:00 AM - 09:30 PM												 Show More Timings
Rempapa,"03 Park Place Residences at PLQ, Singapore 409053",EatBook,Hawker,$$$$,2025,Best Restaurants SG,1.31583675363618,103.892746648427,Saturday 11:00 AM - 03:00 PM												 Show More Timings
Air,"25B Dempsey Rd, Singapore 249918",EatBook,Restaurant,$$$$,2025,Best Restaurants SG,1.30574472649949,103.812108875028,Saturday 08:00 AM - 11:00 PM												 Show More Timings
Olivia Restaurant & Lounge,"55 Keong Saik Rd., #01-03, Singapore 089158",EatBook,Restaurant,$$$$,2025,Best Restaurants SG,1.28064605655874,103.841552101096,Saturday 12:00 PM - 02:30 PM												 Show More Timings
Open Farm Community,"130E Minden Rd, Singapore 248819",EatBook,Cafe,$$$,2025,Best Restaurants SG,1.30584134134379,103.815502201456,Saturday 11:00 AM - 03:30 PM												 Show More Timings
The Halia,,EatBook,Restaurant,$$$$,2025,Best Restaurants SG,,,Saturday 10:00 AM - 04:00 PM												 Show More Timings
Siri House,"02 Dempsey Hill, Singapore 249672",EatBook,Restaurant,$$$$,2025,Best Restaurants SG,1.30344596637403,103.809381667358,Saturday 11:30 AM - 11:30 PM												 Show More Timings
The Summerhouse,"3 Park Ln, Singapore 798387",EatBook,Cafe,,2025,Best Restaurants SG,1.40802317829576,103.868266713262,Saturday Open 24 Hours												 Show More Timings
Publico Ristorante,"1 Nanson Rd, Singapore 238909",EatBook,Restaurant,$$$,2025,Best Restaurants SG,1.29004703709958,103.838613292488,Saturday 12:00 PM - 11:30 PM												 Show More Timings
Forma,"128 Tembeling Rd, Singapore 423638",EatBook,Restaurant,$$$,2025,Best Restaurants SG,1.31089844555961,103.902338038686,Saturday 12:00 PM - 02:30 PM												 Show More Timings
Cicheti,"52 Kandahar St, Singapore 198901",EatBook,Bar,$$$,2025,Best Restaurants SG,1.30169687321857,103.859997973839,Saturday 12:00 PM - 02:30 PM												 Show More Timings
Mott 32,"1 - 41 / 42, Singapore 018956",EatBook,Restaurant,$$$$,2025,Best Restaurants SG,1.28239713771706,103.85840539166,Saturday 11:30 AM - 02:15 PM												 Show More Timings
The Masses,,EatBook,Restaurant,$$,2025,Best Restaurants SG,,,Saturday 11:30 AM - 10:30 PM												 Show More Timings
Humpback,"20 Bukit Pasoh Rd, Singapore 089834",EatBook,Restaurant,$,2025,Best Restaurants SG,,,Saturday 12:00 PM - 11:00 PM												 Show More Timings
Amò,"33 Hongkong St, Singapore 059672",EatBook,Restaurant,$$$,2025,Best Restaurants SG,1.28743955901693,103.847130213821,Saturday 12:00 PM - 02:30 PM												 Show More Timings
Summer Pavilion,,EatBook,Restaurant,,2025,Best Restaurants SG,,,Saturday 11:30 AM - 02:30 PM												 Show More Timings
GU:UM,,EatBook,Restaurant,$$$$,2025,Best Restaurants SG,,,Saturday 11:30 AM - 02:30 PM												 Show More Timings
Odette,"04 National Gallery, Singapore 178957",EatBook,Restaurant,$$$$,2025,Best Restaurants SG,1.29075150227868,103.85176884833,Saturday 12:00 PM - 01:15 PM												 Show More Timings
Claudine,"39C Harding Rd, Singapore 249541",EatBook,Restaurant,,2025,Best Restaurants SG,1.30483501826492,103.81351058996,Saturday 11:30 AM - 03:00 PM												 Show More Timings
Thevar,"9 Keong Saik Rd., Singapore 089117",EatBook,Restaurant,$$$$,2025,Best Restaurants SG,1.279403002805,103.841390193832,Saturday 12:00 PM - 03:00 PM												 Show More Timings
Candlenut,"17A Dempsey Road, Singapore 249676",EatBook,,$$$$,2025,Best Restaurants SG,1.30568746618258,103.810193496315,Saturday 12:00 PM - 03:00 PM												 Show More Timings
Cloudstreet,"84 Amoy St, Singapore 069903",EatBook,Restaurant,$$$$,2025,Best Restaurants SG,1.28089328688774,103.846794521948,Saturday 12:00 PM - 02:00 PM												 Show More Timings
Nouri,"72 Amoy St, Singapore 069891",EatBook,,$$$$,2025,Best Restaurants SG,1.28027906623029,103.8465627247,Saturday Open 24 Hours												 Show More Timings
Lolla,"22 Ann Siang Rd, Singapore 069702",EatBook,Restaurant,,2025,Best Restaurants SG,1.2809857180557,103.845600234487,Saturday 12:00 PM - 02:30 PM												 Show More Timings
NAE:UM,"161 Telok Ayer St, Singapore 068615",EatBook,Restaurant,$$$$,2025,Best Restaurants SG,1.28029089673509,103.847571462644,Saturday 12:00 PM - 03:00 PM												 Show More Timings
Firangi Superstar,"20 Craig Rd, #01-03, Singapore 089692",EatBook,Cafe,$$$$,2025,Best Restaurants SG,1.27803124712698,103.84238791264,Saturday Open 24 Hours												 Show More Timings
Fiz,"21 Tg Pagar Rd, #01-01/02, Singapore 088444",EatBook,Restaurant,$$$$,2025,Best Restaurants SG,1.27948100992944,103.844116761408,Saturday 12:00 PM - 03:00 PM												 Show More Timings
Shinji By Kanesaka,,EatBook,,$$$$,2025,Best Restaurants SG,,,
Lau Pa Sat,"18 Raffles Quay, Singapore 048582",EatBook,Hawker,,2025,Best Hawker Centres,1.28065386814644,103.850412718567,
Maxwell Food Centre,"1 Kadayanallur Street, Singapore 069184",EatBook,Hawker,,2025,Best Hawker Centres,1.28033142727315,103.844747227479,
Old Airport Road Food Centre,"51 Old Airport Road, Singapore 390051",EatBook,Hawker,,2025,Best Hawker Centres,1.30810982136012,103.885731681696,
Adam Road Food Centre,"2 Adam Road, Singapore 289876",EatBook,Hawker,,2025,Best Hawker Centres,1.32415985259558,103.814165924136,
Amoy Street Food Centre,"7 Maxwell Road, Singapore 069111",EatBook,Hawker,,2025,Best Hawker Centres,1.2793398636571,103.846652482254,
Chinatown Complex,"335 Smith Street, Singapore 050335",EatBook,Hawker,,2025,Best Hawker Centres,1.2822749605271,103.843238518071,
Tiong Bahru Food Centre,"30 Seng Poh Road, Singapore 168898",EatBook,Hawker,,2025,Best Hawker Centres,1.28478559810371,103.832181546885,
Tekka Centre,"665 Buffalo Road, Singapore 210665",EatBook,Hawker,,2025,Best Hawker Centres,1.30618663846772,103.850585570067,
Newton Food Centre,"500 Clemenceau Avenue North, Singapore 229495",EatBook,Hawker,,2025,Best Hawker Centres,1.31191552031274,103.839569728721,
Ghim Moh Market & Food Centre,"20 Ghim Moh Road, Singapore 270020",EatBook,Hawker,,2025,Best Hawker Centres,1.31099663218896,103.78823030662,
Rise Bakehouse,"111 Somerset Road, #01-05, 111 Somerset, Singapore 238164",EatBook,Cafe,$$$,2025,Best Cafes SG,1.30020625685959,103.837317132796,"Mon-Thurs 10am to 6:30pm, Fri-Sun 10am to 9:30pm"
Alchemist The Heeren,"260 Orchard Road, #01-ORA, The Heeren, Singapore 238855",EatBook,Cafe,$,2025,Best Cafes SG,1.30265160142482,103.837367213158,Daily 9am to 9pm
FYP Cafe,,EatBook,Cafe,$$$,2025,Best Cafes SG,,,Saturday 11:00 AM - 10:30 PM												 Show More Timings
Equate Coffee,,EatBook,Cafe,$,2025,Best Cafes SG,,,Saturday 09:00 AM - 09:30 PM												 Show More Timings
Dough,"30 Victoria St, #01-30, Singapore 187996",EatBook,Cafe,,2025,Best Cafes SG,1.29479670956332,103.852573366033,Saturday 08:30 AM - 06:00 PM												 Show More Timings
Coffeehouse by Kobashi,"79 South Bridge Road, #01-00, Singapore 058709",EatBook,Cafe,$$,2025,Best Cafes SG,1.28663664351334,103.848088004176,Saturday 10:00 AM - 06:00 PM												 Show More Timings
The Glasshouse,"03 CHIJMES, Singapore 187996",EatBook,Cafe,$$$,2025,Best Cafes SG,1.29479670956332,103.852573366033,Saturday 08:00 AM - 09:00 PM												 Show More Timings
PUNCH,"32 North Canal Road, Singapore 059288",EatBook,Cafe,$$,2025,Best Cafes SG,1.28696780941482,103.847338442716,Daily 8am to 6pm
Naga House,"14 Lor Telok, Singapore 049027",EatBook,Cafe,,2025,Best Cafes SG,1.28666763773092,103.848417647532,Saturday 10:30 AM - 02:00 AM												 Show More Timings
Alice Boulangerie,"12 Gopeng Street, #01-05, Icon Village, Singapore 078877",EatBook,Cafe,$$$$,2025,Best Cafes SG,1.27516997523174,103.844496312645,"Mon-Sat 8am to 10pm, Sun 8am to 6pm"
Elijah Pies,"7 Tanjong Pagar Plz, #01-102, Singapore 081007",EatBook,Cafe,$$,2025,Best Cafes SG,1.27712012183459,103.843117743777,Saturday 10:00 AM - 10:00 PM												 Show More Timings
The Populus,"145 Neil Road, Singapore 088875",EatBook,Cafe,$$$,2025,Best Cafes SG,1.27828839779661,103.840647216596,"Sun-Thurs 9am to 6:30pm, Fri-Sat 9am to 9:30pm"
Bearded Bella,"8 Craig Road, Singapore 089668",EatBook,Cafe,$$$,2025,Best Cafes SG,1.27769892037167,103.842858113395,"Mon-Fri 7:30am to 5pm, Sat-Sun 7:30am to 6pm"
Fortuna Terrazza,"10 Craig Road, Singapore 089670",EatBook,Cafe,$$$,2025,Best Cafes SG,1.27772308536552,103.842753292517,Daily 10am to 3pm
Hello Arigato,"4 Everton Park, #01-42, Singapore 080004",EatBook,Cafe,$$$,2025,Best Cafes SG,1.27688307363768,103.840085627903,Saturday 08:00 AM - 05:00 PM												 Show More Timings
Kafe Utu,"12 Jiak Chuan Rd, Singapore 089265",EatBook,Cafe,$$,2025,Best Cafes SG,1.27977025752773,103.841981527237,Saturday 09:00 AM - 04:30 PM												 Show More Timings
Nakey,"10 Trengganu St, Singapore 058464",EatBook,Cafe,$$,2025,Best Cafes SG,1.28316249107142,103.844128053208,Saturday 10:00 AM - 08:00 PM												 Show More Timings
September Coffee,"258 South Bridge Rd, #01-01, Singapore 058807",EatBook,Cafe,$$,2025,Best Cafes SG,1.28215830373798,103.844980018388,Saturday 11:30 AM - 09:00 PM												 Show More Timings
Baker’s Bench Bakery,"6 Bukit Pasoh Road, Singapore 089820",EatBook,Cafe,$,2025,Best Cafes SG,1.27877733516432,103.840995187617,"Wed-Sat 8:30am to 5pm, Sunday 8:30am to 4pm"
Yuen Yueng,"43 Neil Road, Singapore 088825",EatBook,Cafe,$,2025,Best Cafes SG,1.27964239892839,103.84285178857,Tue-Sun 11:30am to 10:30pm
Great Nanyang Heritage Cafe,"5 Craig Rd, Singapore 089665",EatBook,Hawker,$,2025,Best Cafes SG,1.27755696226358,103.843116501443,Saturday 07:30 AM - 08:30 PM												 Show More Timings
Abseil,"70 Shenton Way, #01-14, Eon Shenton, Singapore 079118",EatBook,Cafe,$$,2025,Best Cafes SG,1.27388660363944,103.846235542245,Sat-Thurs 9am to 4:30pm
Royz et Vous,"137 Telok Ayer Street, #01-01, Singapore Hokkien Huay Kuan Building, Singapore 068602",EatBook,Cafe,$$$,2025,Best Cafes SG,1.28081311032725,103.848012161497,"Mon-Fri 11am to 3:15pm, 5pm to 9:15pm, Sat-Sun 12pm to 3:15pm, 5pm to 9:15pm"
Gelato Messina,"1 Club Street, Singapore 069400",EatBook,,$$,2025,Best Cafes SG,1.28268935741746,103.847244617099,"Sun-Thurs 12pm to 10pm, Fri-Sat 12pm to 11pm"
Botany,"86 Robertson Quay, #01-03, Robertson Blue, Singapore 238245",EatBook,Cafe,$$$,2025,Best Cafes SG,1.29026307473852,103.837158903917,"Mon-Fri 9am to 10pm, Sat-Sun 8:30am to 10pm"
Old Hen Kitchen,"127 Owen Road, Singapore 218931",EatBook,Cafe,$,2025,Best Cafes SG,1.31399749364628,103.852566258618,Daily 9:30am to 5pm
Ms Durian,,EatBook,Cafe,$$$,2025,Best Cafes SG,,,Saturday 09:00 AM - 11:00 PM												 Show More Timings
Moonchild,"351 Jalan Besar, #01-01, Singapore 208988",EatBook,Cafe,$$$,2025,Best Cafes SG,1.31238652619302,103.859366874523,"Tue-Sat 9am to 10pm, Sun 9am to 7pm"
Average Service,"315 Jalan Besar, Singapore 208973",EatBook,Cafe,$$$,2025,Best Cafes SG,1.31155354152053,103.859079266235,"Sun-Wed 8:30am to 10pm, Fri-Sat 8:30am to 11am"
Apartment Coffee,"139 Selegie Road, #01-01, Singapore 188309",EatBook,Cafe,$,2025,Best Cafes SG,1.30277801701807,103.849851343626,Daily 10am to 6pm
SYIP,"72 Bendemeer Rd, #01-05, Singapore 339941",EatBook,Cafe,$$,2025,Best Cafes SG,1.31601270103219,103.862888533013,Saturday 09:00 AM - 06:00 PM												 Show More Timings
Chye Seng Huat Hardware,"150 Tyrwhitt Road, Singapore 207563",EatBook,Cafe,$$,2025,Best Cafes SG,1.31159010927258,103.860365162936,Daily 8:30am to 10pm
La Levain,"23 Hamilton Road, Singapore 209193",EatBook,Cafe,$,2025,Best Cafes SG,1.3115567005935,103.861023178149,"Tue & Thurs-Sun 8am to 6pm, Wed 8am to 4:30pm"
Marymount Bakehouse,"421 Race Course Rd, Singapore 218668",EatBook,Cafe,$$$,2025,Best Cafes SG,1.31577713995111,103.857417852534,Saturday 09:00 AM - 06:00 PM												 Show More Timings
Momolato,"723 North Bridge Road, Singapore 198691",EatBook,Cafe,$$$,2025,Best Cafes SG,1.30276097160329,103.858696132793,"Sun, Tue-Thurs 11am to 11pm, Fri-Sat 11am to 1am"
Wan Wan Thai Cafe,"127A Bencoolen Street, #02-127, lyf Bugis, Singapore 189637",EatBook,Cafe,$$,2025,Best Cafes SG,1.30080135899297,103.851688039914,Daily 1:30pm to 3am
Tolido’s Espresso Nook,"462 Crawford Lane, #01-63, Singapore 190462",EatBook,Cafe,$$$,2025,Best Cafes SG,1.30458618988007,103.860840751642,"Fri-Sun 8am to 5pm, Mon-Tue & Thurs 8am to 4pm"
Pancake & Waffle Place,"56 Kandahar Street, Singapore 198904",EatBook,Cafe,$$$,2025,Best Cafes SG,1.30162285355544,103.860057018912,"Mon-Fri 12pm to 10pm, Sat-Sun 9am to 10pm"
Five Oars Coffee Roasters,"6 Upper East Coast Road, Singapore 455200",EatBook,Cafe,$$$,2025,Best Cafes SG,1.31233251677686,103.925541273007,Thurs-Tue 8am to 10pm
Big Short Coffee,"2 Fowlie Road, #01-01, Singapore 428505",EatBook,Cafe,$$,2025,Best Cafes SG,1.30756108101684,103.903479641307,Daily 8am to 5pm
The Brewing Ground,"406 Joo Chiat Place, #01-24, The Yards, Singapore 428084",EatBook,Cafe,$,2025,Best Cafes SG,1.31492344336595,103.911125515883,Daily 8:30am to 5pm
Little Farms Katong Point Bistro,"451 Joo Chiat Road, #01-04, Singapore 427664",EatBook,Cafe,$$$,2025,Best Cafes SG,1.3068658993424,103.904564981167,"weekdays, and 7:30am to 4pm on weekends."
PS. Cafe Katong,"112 East Coast Road, #01-01/02/03, i12 Katong, Singapore 428802",EatBook,Cafe,$$$,2025,Best Cafes SG,1.30522461599039,103.905101873935,"weekends from 8:30am to 4pm, with their signature Big Breakfast ($29++) and Seafood Spaghettini Arrabbiata ($35++) on the menu. If you’re coming by during the week, all-day mains are available, alongs"
The Coastal Settlement,"200 Netheravon Road, Singapore 508529",EatBook,Cafe,$$$,2025,Best Cafes SG,1.38906112193904,103.977965403127,"Mon-Fri 10:30am to 11pm, Sat 8:30am to 11pm, Sun 8:30am to 10pm"
Simple Cafe,"1 West Coast Drive, #01-92, Singapore 128020",EatBook,Cafe,$$,2025,Best Cafes SG,1.31641321892509,103.757451263299,Tue-Sun 9am to 6pm
Dewgather Coffee House,"1 Vista Exchange Green, #01-46, The Star Vista, Singapore 138617",EatBook,Cafe,$$$,2025,Best Cafes SG,1.30695082420353,103.788287276561,"Mon-Sat 8am to 9:30pm, Sun 7:30am to 9:30pm"
Atlas Coffeehouse,"6 Duke Road, Singapore 268886",EatBook,Cafe,$$$,2025,Best Cafes SG,1.32289788330663,103.811997861957,Tue-Sun 8am to 7pm
The Cafe & Bar,"7 Gambas Crescent, #01-16 ARK @Gambas, Singapore 757087",EatBook,Cafe,$$,2025,Best Cafes SG,1.44485765403794,103.812834544627,"Mon, Wed-Thurs 12pm to 10pm, Fri 12pm to 10:30pm, Sat 10:30am to 10:30pm, Sun 10:30am to 8:30pm"
Slow Bakes,"30A Yishun Central 1, Singapore 768796",EatBook,Cafe,$,2025,Best Cafes SG,1.42653751243263,103.838333407882,Daily 7am to 2pm
No Horse Run,"202 Ang Mo Kio Avenue 3, #01-1682, Singapore 560202",EatBook,Cafe,$$,2025,Best Cafes SG,1.36844644010937,103.844516260527,Tue-Sun 1oam to 10pm
Folk Yard,"59 Poiz Centre, Singapore 347697",EatBook,Cafe,$$,2025,Best Cafes SG,1.33149708073624,103.86821402533,Saturday Open 24 Hours												 Show More Timings
Anna’s Sourdough,"04 Oasis Terraces, Singapore 820681",EatBook,Cafe,$$$,2025,Best Cafes SG,1.40287845827053,103.913195741417,"mons Sourdough Loaf ($24) for something with a tangy twist. Alternatively, visit the cafe for their High Tea Set ($38 for two), available daily from 2pm to 5pm. It includes two drinks and a curated pl"
Joji’s Diner,"534 Upper Serangoon Rd, Singapore 534549",EatBook,,$$,2025,Best Cafes SG,1.34588233804653,103.87161383623,Saturday Open 24 Hours												 Show More Timings
Well Collective,"2 Northshore Plaza, Singapore 820418",EatBook,Cafe,$$,2025,Best Cafes SG,1.41796143093751,103.901321830086,Saturday 10:00 AM - 10:00 PM												 Show More Timings
Apollo Coffee Bar,"65 Serangoon Garden Way, Singapore 555961",EatBook,Cafe,$$$,2025,Best Cafes SG,1.36346871778602,103.865419193862,Saturday 09:00 AM - 10:00 PM												 Show More Timings
Apricus Coffee & Food Co.,"248 Jln Kayu, Singapore 799472",EatBook,Cafe,$$$,2025,Best Cafes SG,1.39789507681032,103.873351219069,Saturday 09:00 AM - 10:00 PM												 Show More Timings
Chu and Co,"15 Lichfield Road, Singapore 556835",EatBook,Cafe,$$,2025,Best Cafes SG,1.36458880495384,103.869994847831,Wed-Sun 8:30am to 4pm
The Wildseed Cafe,"3 Park Lane, Level 1A, Seletar Aerospace Drive, Singapore 798387",EatBook,Cafe,$$$,2025,Best Cafes SG,1.40802317829576,103.868266713262,"Sun-Thurs 8am to 4:30pm, 5pm to 11pm, Fri-Sat 8am to 4:30pm, 5pm to 12am"
Whisk & Paddle,"10 Tebing Lane, Singapore 828836",EatBook,Cafe,,2025,Best Cafes SG,1.39304270451204,103.917401357783,"Tue-Fri 12pm to 10pm, Sat-Sun 9:30am to 10pm"
Eleven Strands,"66 Yio Chu Kang Road, Singapore 545568",EatBook,Cafe,$$$,2025,Best Cafes SG,1.357494569299,103.875588724075,"Tue-Fri 11am to 9:30pm, Sat 10:30am to 10pm, Sun 10:30am to 9pm"
Lao Fu Zi Fried Kway Teow,"24 Robinson Road, Singapore 048545",EatBook,Hawker,$,2025,Best Char Kway Teow,1.2821417096259,103.85075483266,Sun-Fri 11:45am to 10pm
Hai Yan Fried Kway Teow Mee,"36 Telok Belangah Rise, #01-38, Telok Blangah Rise Market & Food Centre, Singapore 090036",EatBook,Hawker,$,2025,Best Char Kway Teow,1.27276128570286,103.822363542256,Thurs-Sun 6am to 7pm
Chuan Kee Fried Kway Teow,"90 Whampoa Drive, #01-41, Whampoa Makan Place, Singapore 320090",EatBook,,$,2025,Best Char Kway Teow,1.32306493801159,103.854996183556,"Wed-Thurs, Sat-Mon 11am to 3pm"
Joo Chiat Place Fried Kway Teow,"59 Joo Chiat Place, Dong Cheng Eatery, Singapore 427783",EatBook,,$,2025,Best Char Kway Teow,1.31359319926261,103.901266362397,Daily 11am to 7:30pm
Outram Park Char Kway Teow,"531A Upper Cross Street, #02-17, Hong Lim Market, Singapore 051531",EatBook,,$,2025,Best Char Kway Teow,1.28529907736773,103.845823802043,Mon-Sat 6am to 3pm
Hill Street Fried Kway Teow,"355 Smith Street, #02-32, Chinatown Complex Food Centre, Singapore 050335",EatBook,Hawker,$,2025,Best Char Kway Teow,1.2822749605271,103.843238518071,"Tue 9am to 2pm, Thurs & Sat 9am to 5pm"
No. 18 Zion Road Fried Kway Teow,"70 Zion Road, #01-17, Zion Riverside Food Centre, Singapore 247792",EatBook,Hawker,$,2025,Best Char Kway Teow,1.2923422114207,103.831189023623,Wed-Mon 12:30pm to 9pm
Ang Mo Kio Fried Kway Teow,"724 Ang Mo Kio Avenue 6, #01-22, Ang Mo Kio Central Market & Food Centre, Singapore 560724",EatBook,Hawker,$,2025,Best Char Kway Teow,1.37217258545171,103.846510310202,"Tue-Thurs, Sat-Sun 10:30am to 2pm"
Meng Kee Fried Kway Teow,"22A Havelock Road, #01-07, Havelock Road Cooked Food Centre, Singapore 161022",EatBook,Hawker,$,2025,Best Char Kway Teow,1.28797051657173,103.829623413554,"Mon-Tue & Fri-Sat 9am to 3pm, Wed-Thurs 9am to 4pm"
Lai Heng Mushroom Minced Meat Noodles,,EatBook,,$,2025,Best Bak Chor Mee,,,
Seng Kee Mushroom Minced Meat Noodle,,EatBook,Hawker,$,2025,Best Bak Chor Mee,,,
Ah Kow Mushroom Minced Pork Mee,,EatBook,Hawker,,2025,Best Bak Chor Mee,,,
Macpherson Minced Meat Noodles,,EatBook,,$$,2025,Best Bak Chor Mee,,,
Jin Xi Lai (Mui Siong) Minced Meat Noodle,,EatBook,,$,2025,Best Bak Chor Mee,,,
Famous Eunos Bak Chor Mee,,EatBook,,$,2025,Best Bak Chor Mee,,,
58 Minced Meat Noodle,,EatBook,Hawker,,2025,Best Bak Chor Mee,,,
Tai Wah Pork Noodle,"531A Upper Cross Street, #02-16, Hong Lim Market & Food Centre, Singapore 051531",EatBook,Hawker,$,2025,Best Bak Chor Mee,1.28529907736773,103.845823802043,Tue-Sun 7:30am to 3pm
Hill Street Tai Hwa Pork Noodle,,EatBook,,$$,2025,Best Bak Chor Mee,,,
Ru Ji Kitchen,,EatBook,Hawker,$,2025,Best Bak Chor Mee,,,
Hainan Fried Hokkien Prawn Mee,"505 Beach Road, #B1-34, Golden Mile Food Centre, Singapore 199583",EatBook,Hawker,$,2025,Best Hokkien Mee,1.30314175320333,103.863877615334,Thurs-Tue 10am to 5pm
Swee Guan Hokkien Mee,"5 Lorong 29 Geylang, Singapore 388060",EatBook,,$$$,2025,Best Hokkien Mee,1.31422099244306,103.8854438621,Thurs-Tue 4pm to 10pm
Nam Sing Hokkien Fried Mee,"51 Old Airport Road, #01-32, Old Airport Road Food Centre, Singapore 390051",EatBook,Hawker,$,2025,Best Hokkien Mee,1.3082518471287,103.88580870609,Daily 10am to 6pm (off days are listed on Instagram)
Original Simon Road Fried Hokkien Mee,"209 Hougang Street 21, #01-66, 209 Kovan Market and Food Centre, Singapore 530209",EatBook,Hawker,$,2025,Best Hokkien Mee,1.35908384091048,103.886055368064,"Tue-Fri 11am to 8pm, Sat-Sun 11am to 8:30pm"
Ah Hock Fried Hokkien Noodles,"57 Garden Way, Stall 27, Chomp Chomp Food Centre, Singapore 557269",EatBook,Hawker,$,2025,Best Hokkien Mee,1.36423252476886,103.86652701738,"Tue-Fri 5:30pm to 10pm, Sat 4:3opm to 10pm, Sun 4:30pm to 9pm"
Xiao Di Fried Prawn Noodle,"153 Serangoon North Avenue 1, #01-512, Guan Hock Tiong Eating House, Singapore 550153",EatBook,Hawker,$,2025,Best Hokkien Mee,1.36995099275208,103.872312298956,Daily 10:30am to 2:30pm
Geylang Lorong 29 Charcoal Fried Hokkien Mee,"936 East Coast Road, 936 Food Village Siglap, Singapore 459129",EatBook,,$$,2025,Best Hokkien Mee,1.3122852676271,103.925353651914,Wed-Sun 4:30pm to 9pm
Kim Keat Hokkien Mee,"92 Lorong 4 Toa Payoh, #01-264, Singapore 310092",EatBook,,$,2025,Best Hokkien Mee,1.33807081646129,103.849457178811,Thurs-Mon 11am to 8pm
Hong Heng Fried Sotong Prawn Mee,"30 Seng Poh Road, #02-01, Tiong Bahru Food Centre, Singapore 168898",EatBook,Hawker,$,2025,Best Hokkien Mee,1.28495105948938,103.832669748751,Tue-Sat 10:30am to 2:30pm
Singapore Fried Hokkien Mee,"90 Whampoa Drive, #01-32, Whampoa Food Centre, Singapore 320090",EatBook,Hawker,$$,2025,Best Hokkien Mee,1.32306493801159,103.854996183556,"Mon-Wed 3:30pm to 11:30pm, Fri 3:30pm to 11:30pm, Sat-Sun 2pm to 11:30pm"
Come Daily Fried Hokkien Prawn Mee,"127 Lorong 1 Toa Payoh, #02-27, 127 Toa Payoh West Market & Food Centre, Singapore 310127",EatBook,Hawker,$,2025,Best Hokkien Mee,1.33810351452112,103.844732726726,Wed-Sun 8:30am to 2pm
Hokkien Man Hokkien Mee,"19 Lorong 7 Toa Payoh, Block 19, Sing Hiap Huat Coffee Shop, Singapore 310019",EatBook,,$$,2025,Best Hokkien Mee,1.33528228598942,103.856504185339,Thurs-Tue 11am to 3pm
Guang Fa Laksa,"22A Havelock Road, #01-08, Singapore 161022",EatBook,Hawker,$,2025,Best Laksa,1.28797051657173,103.829623413554,"Mon-Tue, Thurs-Sat 8am to 1:30pm"
Depot Road Zhen Shan Mei Claypot Laksa,"120 Bukit Merah Lane 1, #01-75, Alexandra Village Food Centre, Singapore 151120",EatBook,Hawker,$,2025,Best Laksa,,,"Mon-Tue, Thurs-Sat 9am to 3pm"
63 Laksa,"20 Ghim Moh Road, #01-20, Ghim Moh Market & Food Centre, Singapore 270020",EatBook,Hawker,$,2025,Best Laksa,1.31099663218896,103.78823030662,"Tue-Fri 8am to 3pm, Sat-Sun 8am-2pm"
328 Katong Laksa,"51 East Coast Road, Singapore 428770",EatBook,Hawker,$$,2025,Best Laksa,1.3050961572391,103.903210971969,Daily 9:30am to 9:30pm
Katong Laksa (George’s),"307 Changi Road, Singapore 419785",EatBook,,$,2025,Best Laksa,1.31832002508458,103.907683667162,Daily 8am to 2:30pm
Famous Sungei Road Trishaw Laksa,"531A Upper Cross Street, #02-66 Hong Lim Food Centre, Singapore 051531",EatBook,Hawker,$,2025,Best Laksa,1.28529907736773,103.845823802043,Mon-Sat 9am to 3pm
Terry Katong Laksa,"7 Maxwell Road, #01-28, Amoy Street Food Centre, Singapore 069111",EatBook,Hawker,$,2025,Best Laksa,1.2793398636571,103.846652482254,"Mon-Fri 7:30am to 5pm, Sat 8:30am to 2pm"
Sungei Road Laksa,"27 Jalan Berseh, #01-100, Singapore 200027",EatBook,,$,2025,Best Laksa,1.30660046872975,103.857799738556,Thurs-Tue 9:30am to 4pm
928 Yishun Laksa,"Block 928 Yishun Central 1, #01-155, Singapore 760928",EatBook,,$,2025,Best Laksa,1.4272080784162,103.837377109933,Mon-Sat 8:30am to 6pm
Janggut Laksa,"50 East Coast Road, #01-64, Roxy Square, Singapore 428769",EatBook,,$,2025,Best Laksa,1.30335696401522,103.904685504029,Daily 10:30am to 4:30pm
Kai Xin Crabs,"76 Circuit Road, #01-18, Singapore 370076",EatBook,Restaurant,$$$,2025,Best Zi Char,1.32551693484516,103.889903603926,Daily 11am to 9:30pm
Keng Eng Kee Seafood,,EatBook,Restaurant,$$,2025,Best Zi Char,,,
Kok Sen Restaurant,"4 Keong Saik Road, Singapore 089137",EatBook,Restaurant,$$,2025,Best Zi Char,1.28024309011242,103.841703649841,"Tue-Sun 12pm to 2:15pm, 5pm to 9:15pm"
Sin Hoi Sai Eating House,"187 East Coast Road, Singapore 428893",EatBook,Restaurant,$$,2025,Best Zi Char,1.30710938332768,103.906287412026,Daily 4pm to 3am
J.B. Ah Meng Restaurant,"534 Geylang Road, Singapore 389490",EatBook,Restaurant,$$,2025,Best Zi Char,1.3137294427781,103.88620438991,"Tue-Sat 5pm to 2am, Sun 5pm to 1:30am"
Two Chefs Eating Place,"116 Commonwealth Crescent, #01-129, Singapore 140116",EatBook,,$$,2025,Best Zi Char,1.30697208675745,103.800028892853,"Daily 11am to 2:15pm, 5pm to 11pm"
Ban Leong Wah Hoe,"122 Casuarina Road, Singapore 579510",EatBook,Restaurant,$$,2025,Best Zi Char,1.3766256530886,103.828113274381,"Tue-Sun 11:30am to 2pm, 4:30pm to 10:30pm, Mon 3:30pm to 10:30pm"
Chuan Kee Seafood,"Lorong 7 Toa Payoh, #01-264, Sing Hiap Huat Coffee Shop, Singapore 310019",EatBook,Restaurant,$$,2025,Best Zi Char,1.33528228598942,103.856504185339,Daily 12pm to 10:30pm
Hua Yu Wee Seafood Restaurant,"462 Upper East Coast Road, Singapore 466508",EatBook,Restaurant,$$$,2025,Best Zi Char,1.31461076311334,103.941588707429,Daily 5pm to 11pm
George Town Tze Char and Craft Beer,"81 Boat Quay, Singapore 049869",EatBook,Restaurant,$$$,2025,Best Zi Char,1.2884323407382,103.849143324756,Daily 12pm to 3am
Por Kee Eating House 1996,"69 Seng Poh Lane, #01-02, Singapore 160069",EatBook,Restaurant,$$,2025,Best Zi Char,1.28414816852897,103.832785763648,"Tue-Sun 11am to 2:30pm, 5pm to 10:45pm"
Rasa Istimewa Waterfront Restaurant,,EatBook,Restaurant,$$$,2025,Best Zi Char,,,
Zhenyi Veggie Place,"128 Ang Mo Kio Avenue 3, #01-1853, Singapore 560128",EatBook,Restaurant,$$,2025,Best Zi Char,1.37083202800001,103.843546990613,Daily 10am to 10pm
Jiak Modern Tzechar @ Hillv2,"4 Hillview Rise, #02-04, Singapore 667979",EatBook,Cafe,$$$,2025,Best Zi Char,1.36267450828024,103.76417292006,Daily 11:30am to 9:30pm
FPC Seafood,"267 Tampines Street 21, #01-47, Singapore 520267",EatBook,,$$,2025,Best Zi Char,1.35134562943881,103.949091351711,Thurs-Tue 11am to 8pm
Chui Xiang Kitchen,"126 Casuarina Road, Singapore 579514",EatBook,Restaurant,$$$,2025,Best Zi Char,1.37676797470104,103.828105095636,"Daily 10am to 2:30pm, 5pm to 9:30pm"
Yang Ming Seafood,,EatBook,Restaurant,$$$,2025,Best Zi Char,,,